isin,symbol,fmv
IN9110D01011,GUJNREDVR,1.3
IN9155A01020,TATAMTRDVR,225.95
IN9175A01010,JISLDVREQS,86.35
IN9623B01058,FELDVR,42.5
INE001A01036,HDFC,1963.05
INE001B01026,KRBL,625.0
INE002A01018,RELIANCE,964.5
INE002L01015,SJVN,34.6
INE002S01010,MGL,1026.75
INE003A01024,SIEMENS,1331.3
INE005D01015,RAMSARUP,2.15
INE005I01014,AMDIND,44.0
INE006I01046,ASTRAL,814.0
INE007A01025,CRISIL,1949.45
INE007B01023,GEOJITFSL,110.9
INE008A01015,IDBI,62.1
INE008I01026,COX&KINGS,262.95
INE009A01021,INFY,1166.6
INE010A01011,PRISMCEM,142.7
INE010B01027,CADILAHC,430.4
INE010J01012,TEJASNET,394.6
INE010V01017,LTTS,1289.0
INE011H01014,RAJVIR,47.55
INE012A01025,ACC,1737.9
INE013A01015,RELCAPITAL,510.4
INE015D01022,MANAKSIA,69.1
INE016A01026,DABUR,360.8
INE016M01021,DNAMEDIA,9.45
INE017A01032,GESHIP,408.7
INE017D01010,ANGIND,6.0
INE018A01030,LT,1439.7
INE018I01017,MINDTREE,779.15
INE019A01038,JSWSTEEL,294.0
INE019C01026,HSCL,181.95
INE019J01013,SASTASUNDR,118.0
INE020B01018,RECLTD,157.55
INE020G01017,AFL,59.7
INE020J01029,GOKUL,21.3
INE021A01026,ASIANPAINT,1139.8
INE022B01014,MUKANDENGG,51.65
INE022C01012,EUROTEXIND,37.95
INE022I01019,ASIANTILES,562.5
INE022Q01012,IEX,1610.0
INE023A01030,NSIL,1348.0
INE023H01027,NECLIFE,33.55
INE023M01027,PRAKASHCON,7.4
INE024L01027,GRAVITA,176.45
INE025A01027,CONSOFINVT,80.45
INE025B01017,GOLDIAM,79.45
INE026A01025,GSFC,146.5
INE027A01015,RCF,98.75
INE028A01039,BANKBARODA,161.8
INE028B01029,SHARONBIO,6.95
INE028D01025,RAINBOWPAP,3.5
INE029A01011,BPCL,493.6
INE029L01018,KICL,2442.6
INE030A01027,HINDUNILVR,1400.0
INE031A01017,HUDCO,82.65
INE031B01049,AJANTPHARM,1460.8
INE032A01023,BOMDYEING,237.7
INE032B01021,PRIMESECU,50.6
INE034A01011,ARVIND,429.85
INE034D01031,PTL,56.5
INE034H01016,SORILINFRA,263.95
INE034S01021,ARVSMART,202.3
INE035D01012,SOTL,1439.45
INE036A01016,RELINFRA,512.75
INE036B01022,GAEL,245.0
INE036D01028,KARURVYSYA,111.8
INE037A01022,UNIENTER,96.2
INE038A01020,HINDALCO,263.2
INE038F01029,TVTODAY,461.7
INE039A01010,IFCI,29.1
INE039B01026,CINEVISTA,12.15
INE039C01032,JAMNAAUTO,76.2
INE040A01026,HDFCBANK,2013.5
INE040D01038,MAYURUNIQ,504.95
INE040H01021,SUZLON,14.8
INE040M01013,TREEHOUSE,14.15
INE041A01016,DHAMPURSUG,192.3
INE042A01014,ESCORTS,842.0
INE043A01012,GTL,14.85
INE043C01018,IVP,193.0
INE043D01016,IDFC,57.2
INE043K01029,BSLIMITED,1.4
INE044A01036,SUNPHARMA,594.9
INE045A01017,ADORWELD,524.9
INE045B01015,NELCO,124.45
INE045J01026,FCL,68.9
INE046A01015,RIIL,572.0
INE047A01021,GRASIM,1167.95
INE047B01011,GILLANDERS,77.0
INE047O01014,NIBL,29.0
INE048B01027,JAGSNPHARM,35.8
INE048C01017,VICEROY,18.15
INE048G01026,NAVINFLUOR,820.0
INE049A01027,HIMATSEIDE,364.65
INE049B01025,WOCKPHARMA,828.0
INE049I01012,NAHARCAP,176.9
INE050A01025,BBTC,1423.5
INE050B01023,IVC,24.7
INE050E01027,BALAMINES,684.45
INE050H01012,RML,895.9
INE050M01012,VSSL,154.0
INE051B01021,VAKRANGEE,447.95
INE052A01021,WINDMACHIN,125.2
INE052I01032,CAMLINFINE,128.5
INE053A01029,INDHOTEL,145.6
INE054A01027,VIPIND,345.65
INE055A01016,CENTURYTEX,1405.2
INE056C01010,TATAMETALI,913.05
INE056I01017,REFEX,20.1
INE058A01010,SANOFI,4975.1
INE058B01018,ZENITHEXPO,56.75
INE059A01026,CIPLA,608.5
INE059B01024,SIMPLEXINF,610.0
INE059D01020,LAOPALA,624.5
INE060A01024,NAVNETEDUL,148.0
INE060B01014,KHANDSE,26.05
INE060J01017,FLEXITUFF,79.45
INE061A01014,INDIANCARD,191.5
INE061F01013,FORTIS,147.5
INE062A01020,SBIN,316.6
INE062D01024,ALICON,684.4
INE064C01014,TRIDENT,80.0
INE065B01013,INDLMETER,122.0
INE066A01013,EICHERMOT,27387.0
INE066O01014,WONDERLA,388.0
INE066P01011,INOXWIND,132.4
INE067A01029,CGPOWER,92.0
INE067H01016,ABGSHIP,12.6
INE068D01021,CASTEXTECH,5.5
INE068L01016,CANTABIL,117.0
INE069I01010,IBREALEST,227.5
INE070A01015,SHREECEM,17522.15
INE070C01037,COMPINFO,50.0
INE070D01027,JAICORPLTD,189.25
INE070I01018,INSECTICID,834.8
INE071A01013,BINANIIND,111.0
INE071D01033,MENONBE,117.0
INE071E01023,UGARSUGAR,23.75
INE071F01012,APCL,234.75
INE073D01013,SUNDRMBRAK,632.25
INE074A01025,PRAJIND,107.95
INE074B01023,PARACABLES,13.2
INE075A01022,WIPRO,308.95
INE075B01012,SICAL,221.9
INE075D01018,GMBREW,916.75
INE075I01017,HCG,353.8
INE076B01028,SIYSIL,700.0
INE076C01018,IFBAGRO,819.0
INE076H01025,EON,102.8
INE077A01010,DENABANK,25.4
INE077B01018,ZODJRDMKJ,48.9
INE077F01035,GOCLCORP,628.0
INE078A01026,EMCO,20.45
INE079A01024,AMBUJACEM,263.3
INE080A01014,WEIZMANIND,50.75
INE080B01012,KOHINOOR,76.75
INE081A01012,TATASTEEL,747.9
INE082A01010,KOPRAN,76.6
INE083A01026,MOREPENLAB,36.2
INE083B01016,THEMISMED,611.95
INE083C01022,PLASTIBLEN,242.9
INE083D01012,BALPHARMA,106.0
INE084A01016,BANKINDIA,162.7
INE085A01013,CHAMBLFERT,162.0
INE085J01014,THANGAMAYL,573.0
INE086A01029,ELECTCAST,34.9
INE087A01019,KESORAMIND,140.4
INE087B01017,ANIKINDS,42.8
INE087H01022,RENUKA,16.0
INE087J01010,MANDHANA,7.8
INE088B01015,NATNLSTEEL,43.0
INE089A01023,DRREDDY,2306.15
INE089C01029,STRTECH,381.0
INE090A01021,ICICIBANK,353.95
INE090B01011,OMAXAUTO,198.4
INE090C01019,STINDIA,20.0
INE091G01018,JAIBALAJI,17.1
INE092A01019,TATACHEM,722.0
INE092B01017,INDNIPPON,1136.0
INE092T01019,IDFCBANK,57.6
INE093A01033,HEXAWARE,386.0
INE093B01015,ALPSINDUS,5.35
INE093I01010,OBEROIRLTY,540.95
INE093R01011,LSIL,2.6
INE094A01015,HINDPETRO,400.65
INE094I01018,KOLTEPATIL,369.85
INE095A01012,INDUSINDBK,1761.0
INE095I01015,PPAP,590.0
INE095N01023,NBCC,229.6
INE096B01018,NUCLEUS,456.9
INE096L01025,KTIL,183.9
INE098F01023,AMRUTANJAN,605.0
INE099F01013,SREEL,272.0
INE099J01015,JPINFRATEC,15.2
INE100A01010,ATUL,2822.45
INE100D01014,WSI,7.3
INE101A01026,M&M,771.15
INE101D01020,GRANULES,133.9
INE102A01024,HOTELEELA,22.9
INE102D01028,GODREJCP,1071.95
INE102I01027,ADSL,23.2
INE103A01014,MRPL,130.0
INE105A01035,SUNCLAYLTD,4929.9
INE105C01023,PDUMJEIND,14.7
INE105I01012,SELMCL,3.1
INE105J01010,RPGLIFE,508.7
INE107A01015,TNPL,429.0
INE107F01022,WANBURY,43.0
INE108E01023,SUNDARAM,4.45
INE109A01011,SCI,82.3
INE109C01017,ARMANFIN,271.0
INE110A01019,BPL,105.7
INE110B01017,MINDTECK,78.0
INE110D01013,GUJNRECOKE,1.3
INE111A01017,CONCOR,1395.0
INE111B01023,63MOONS,109.5
INE111Q01013,PDSMFL,330.15
INE112A01023,CORPBANK,38.95
INE112F01022,LAMBODHARA,67.0
INE113A01013,GNFC,486.0
INE113O01014,BLUEBLENDS,33.7
INE114A01011,SAIL,91.35
INE115A01026,LICHSGFIN,540.1
INE116A01024,APCOTEXIND,484.0
INE116D01028,BAGFILMS,6.0
INE116G01013,VARDHACRLC,49.85
INE117A01022,ABB,1665.0
INE118A01012,BAJAJHLDNG,2815.0
INE118H01025,BSE,902.6
INE119A01028,BALRAMCHIN,125.2
INE120A01034,CARBORUNIV,382.0
INE120D01012,HITECHCORP,174.7
INE121A01016,CHOLAFIN,1324.9
INE121E01018,JSWENERGY,88.75
INE121J01017,INFRATEL,353.95
INE122M01019,ESSARSHPNG,28.9
INE122R01018,MANPASAND,392.0
INE123B01028,NAGREEKEXP,39.7
INE123C01018,TAINWALCHM,107.35
INE123F01029,MMTC,61.95
INE123W01016,SBILIFE,681.5
INE124G01033,DELTACORP,364.0
INE126A01031,EIDPARRY,337.5
INE126M01010,SORILHOLD,256.0
INE127B01011,HITECHGEAR,494.15
INE127I01024,GOODLUCK,126.35
INE128A01029,EVEREADY,421.0
INE129A01019,GAIL,483.7
INE130B01031,SURANAT&P,6.0
INE130C01021,AMTEKAUTO,26.15
INE131A01031,GMDCLTD,149.8
INE131B01039,RELAXO,640.0
INE132H01018,AURIONPRO,219.5
INE133A01011,AKZOINDIA,1869.0
INE133B01019,KESARENT,64.8
INE133E01013,TI,19.35
INE133Y01011,IFGLEXPOR,297.0
INE134B01017,KECL,43.95
INE134E01011,PFC,118.5
INE136B01020,CYIENT,648.0
INE137C01018,ALPHAGEO,918.0
INE137I01015,GRPLTD,1550.0
INE138A01028,PENINLAND,34.8
INE138C01024,KANORICHEM,91.85
INE139A01034,NATIONALUM,77.75
INE139B01016,UCALFUEL,294.25
INE139I01011,BVCL,31.35
INE140A01024,PEL,2785.9
INE141A01014,ORIENTBANK,116.7
INE141D01018,TNTELE,2.45
INE141K01013,TEXMOPIPES,25.45
INE142I01023,TAKE,169.95
INE142K01011,LYPSAGEMS,36.85
INE143A01010,BINDALAGRO,34.35
INE143H01015,KSK,16.4
INE144D01012,CUBEXTUB,26.35
INE144J01027,20MICRONS,53.1
INE146L01010,KIRLOSENG,397.7
INE147A01011,SPIC,44.9
INE147P01019,JPOLYINVST,75.2
INE148A01019,TNPETRO,59.9
INE148I01020,IBULHSGFIN,1415.55
INE149A01033,TIFIN,699.25
INE150B01021,ALKYLAMINE,746.65
INE150G01020,LUXIND,1750.0
INE151A01013,TATACOMM,625.0
INE152A01029,THERMAX,1260.0
INE152B01027,GATI,133.45
INE152M01016,TRITURBINE,130.1
INE153A01019,MTNL,25.85
INE153T01027,BLS,213.8
INE153U01017,MAXINDIA,115.2
INE154A01025,ITC,276.0
INE154U01015,MAXVIL,83.35
INE155A01022,TATAMOTORS,400.95
INE155B01012,HINDSYNTEX,14.1
INE155C01010,ALBERTDAVD,390.0
INE155G01029,NDTV,45.75
INE156A01020,INDORAMA,42.85
INE156C01018,PIONEEREMB,40.9
INE157H01023,KMSUGAR,18.5
INE158A01026,HEROMOTOCO,3747.9
INE158B01016,EIMCOELECO,508.0
INE159A01016,GLAXO,2468.55
INE159N01027,VIJIFIN,11.75
INE160A01022,PNB,175.2
INE160H01019,PBAINFRA,19.4
INE161A01038,NIITLTD,106.4
INE161G01027,MORARJEE,55.5
INE162A01010,GIPCL,121.7
INE162B01018,LUMAXIND,1930.0
INE163A01018,NOCIL,212.0
INE164A01016,BALMLAWRIE,247.8
INE164B01022,KELLTONTEC,117.9
INE165B01029,RSSOFTWARE,70.9
INE168A01041,J&KBANK,75.0
INE169A01031,COROMANDEL,561.0
INE170I01016,HGS,939.0
INE170V01019,SALASAR,312.5
INE171A01029,FEDERALBNK,101.9
INE172A01027,CASTROLIND,187.15
INE172H01014,RMCL,27.0
INE172N01012,ADLABS,62.4
INE173A01025,SIL,23.4
INE175A01038,JISLJALEQS,145.1
INE176A01028,BATAINDIA,717.2
INE176B01034,HAVELLS,540.0
INE176C01016,SATHAISPAT,28.4
INE176J01011,SICAGEN,46.95
INE177A01018,INGERRAND,793.5
INE177H01013,GPIL,566.6
INE178A01016,CHENNPETRO,423.35
INE178C01020,SMARTLINK,119.7
INE179A01014,PGHH,9364.75
INE180A01020,MFSL,538.85
INE180C01026,CGCL,113.95
INE180G01019,EDL,50.35
INE180K01011,BHARATFIN,1058.6
INE181G01025,GAMMNINFRA,3.6
INE182A01018,PFIZER,2349.0
INE182D01012,MARATHON,576.8
INE183A01016,FINPIPE,649.85
INE183H01011,XLENERGY,3.95
INE184C01028,CIMMCO,114.95
INE184H01027,EKC,57.7
INE185H01016,CELEBRITY,18.25
INE186A01019,GUJALKALI,775.8
INE186H01014,BASML,318.25
INE187A01017,JBFIND,192.6
INE187D01011,TALBROAUTO,313.0
INE188A01015,FACT,64.0
INE188B01013,IGARASHI,845.0
INE189B01011,INEOSSTYRO,1007.9
INE189I01024,NELCAST,87.95
INE190H01016,SAKUMA,153.8
INE191A01019,ORCHIDPHAR,17.95
INE191B01025,WELCORP,171.5
INE191H01014,PVR,1479.45
INE191I01012,HDIL,59.45
INE192A01025,TATAGLOBAL,303.7
INE192B01031,WELSPUNIND,70.75
INE192R01011,DMART,1210.0
INE193B01039,AYMSYNTEX,65.35
INE193E01025,BAJAJELEC,512.0
INE194B01029,PANORAMUNI,11.4
INE195A01028,SUPREMEIND,1339.7
INE195J01029,PNCINFRA,188.0
INE195N01013,PROZONINTU,61.6
INE196A01026,MARICO,315.35
INE196B01016,SHIRPUR-G,165.1
INE196J01019,OISL,4.35
INE197A01024,JYOTISTRUC,11.0
INE197D01010,JINDALPOLY,354.5
INE197J01017,LPDC,4.8
INE199A01012,MERCK,1492.45
INE199C01026,ADVANIHOTR,76.0
INE199G01027,JAGRAN,175.0
INE200A01026,GET&D,436.15
INE200M01013,VBL,698.0
INE201A01024,MANALIPETC,37.2
INE201K01015,SQSBFSI,529.0
INE201M01011,CLEDUCATE,272.9
INE202B01012,DHFL,594.0
INE202H01019,KERNEX,55.9
INE203A01020,ASTRAZEN,1149.9
INE203G01027,IGL,310.0
INE204A01010,IGPL,728.0
INE204E01012,AGARIND,570.0
INE205A01025,VEDL,346.45
INE205B01023,ELECON,94.25
INE205C01021,POLYMED,255.0
INE206B01013,ZODIACLOTH,218.7
INE208A01029,ASHOKLEY,126.55
INE208C01025,AEGISCHEM,250.75
INE209A01019,ATFL,667.95
INE209B01025,RICOAUTO,89.5
INE209L01016,CEBBCO,17.7
INE210A01017,WILLAMAGOR,119.7
INE210C01013,AROGRANITE,69.4
INE211B01039,PHOENIXLTD,665.0
INE211R01019,POWERMECH,830.8
INE212H01026,AIAENG,1570.0
INE212I01016,SPAL,382.5
INE213A01029,ONGC,204.6
INE213C01025,BANCOINDIA,242.6
INE214A01019,CYBERTECH,82.1
INE214T01019,LTI,1371.55
INE215F01023,WIPL,73.0
INE215G01021,SMPL,1.65
INE215I01019,MAANALU,158.0
INE216A01022,BRITANNIA,4712.4
INE216D01026,KSERASERA,0.3
INE216G01011,SUJANAUNI,1.1
INE216H01027,EDUCOMP,8.9
INE217A01012,ZUARIGLOB,208.95
INE217B01036,KAJARIACER,677.0
INE217K01011,RHFL,82.5
INE218C01016,AUSOMENT,83.75
INE218G01033,PALREDTEC,105.9
INE219H01039,SRSLTD,1.5
INE220B01022,KALPATPOWR,466.0
INE220G01021,JSL,114.8
INE220J01025,FCONSUMER,65.5
INE221B01012,DYNAMATECH,1888.8
INE221H01019,GTLINFRA,6.1
INE221I01017,CELESTIAL,18.55
INE221J01015,SHARDACROP,444.9
INE222J01013,RANEENGINE,593.95
INE223G01017,EXCELCROP,3640.0
INE224A01026,GREAVESCOT,140.55
INE224E01028,STAMPEDE,16.8
INE224E01036,SCAPDVR,10.25
INE224M01013,BGLOBAL,5.65
INE225D01027,SYMPHONY,1863.8
INE225I01026,ZYLOG,4.15
INE226A01021,VOLTAS,616.0
INE226H01026,SADBHAV,412.5
INE227C01017,MMFL,1110.0
INE227G01018,INDOWIND,12.2
INE228A01035,USHAMART,27.15
INE228I01012,ASAHISONG,368.0
INE229A01017,ONWARDTEC,105.45
INE229C01013,SAGCEM,1019.0
INE229H01012,NITINSPIN,122.35
INE230A01023,EIHOTEL,199.2
INE230B01021,CREATIVEYE,4.75
INE230R01027,RAMASTEEL,274.75
INE231C01019,SHREYANIND,190.9
INE231F01020,SASKEN,777.0
INE231G01010,ORBTEXP,159.95
INE232I01014,SPARC,475.25
INE233A01035,GODREJIND,613.0
INE233B01017,BLUEDART,4747.0
INE234I01010,KAUSHALYA,3.5
INE235A01022,FINCABLES,744.0
INE235C01010,SUMEETINDS,28.65
INE235G01011,USHERAGRO,8.2
INE236A01020,HCL-INSYS,54.9
INE236G01019,TVSELECT,395.0
INE237A01028,KOTAKBANK,1113.2
INE238A01034,AXISBANK,596.0
INE239A01016,NESTLEIND,7514.0
INE239D01028,OMMETALS,68.9
INE240C01028,UMESLTD,1.45
INE242A01010,IOC,427.4
INE242C01024,ANANTRAJ,68.15
INE243D01012,BFUTILITIE,496.8
INE244A01016,DENORA,397.5
INE244B01030,PATELENG,77.4
INE244J01017,RBL,1152.95
INE245A01021,TATAPOWER,91.2
INE245C01019,LEEL,284.9
INE245I01016,NAGREEKCAP,41.8
INE246B01019,RAMCOSYS,509.5
INE246F01010,GSPL,204.85
INE247D01021,JINDWORLD,673.4
INE247M01014,SPECIALITY,165.9
INE248A01017,ITI,122.35
INE249C01011,FEDDERELEC,80.2
INE250A01039,KIRLOSIND,1419.95
INE250B01029,VINYLINDIA,109.85
INE250K01012,DLINKINDIA,133.9
INE251B01027,ZENTEC,125.0
INE251C01017,ABMINTLTD,43.35
INE251H01024,GVKPIL,21.25
INE253A01025,HINDMOTORS,9.0
INE253B01015,21STCENMGM,40.2
INE255A01020,ESSELPACK,292.0
INE255D01024,GULPOLY,84.85
INE256A01028,ZEEL,607.2
INE256C01024,TRIVENI,66.5
INE256H01015,DYNPRO,187.0
INE257A01026,BHEL,103.6
INE258A01016,BEML,1489.65
INE258B01022,FDC,236.8
INE259A01022,COLPAL,1142.0
INE259B01020,GAMMONIND,6.45
INE260B01028,GODFRYPHLP,953.65
INE260D01016,GOLDINFRA,227.0
INE262A01018,HMT,37.85
INE262H01013,PERSISTENT,799.8
INE263A01024,BEL,172.0
INE263L01013,SANGHVIFOR,39.7
INE264A01014,GSKCONS,6940.0
INE264T01014,CAPACITE,364.0
INE265F01028,ENIL,745.0
INE266F01018,APTECHT,321.4
INE267A01025,HINDZINC,316.15
INE267I01010,ARSSINFRA,51.7
INE268B01013,KREBSBIO,147.2
INE268C01029,EASUNREYRL,19.45
INE268L01020,SPYL,0.7
INE269A01021,SONATSOFTW,308.0
INE269B01029,LAXMIMACH,6196.95
INE270A01011,ALOKTEXT,3.65
INE270I01014,VISHNU,396.0
INE271B01025,MAHSEAMLES,518.55
INE271C01023,DLF,257.6
INE272L01022,SURANASOL,17.5
INE273D01019,AARVEEDEN,50.0
INE274B01011,MONSANTO,2594.35
INE274C01019,WENDT,3329.95
INE274G01010,IBVENTURES,255.7
INE274J01014,OIL,364.95
INE274V01019,SHANKARA,1720.95
INE275B01026,PAPERPROD,327.4
INE276A01018,GARWALLROP,1024.95
INE276C01014,EIHAHOTELS,509.7
INE277A01016,SWARAJENG,2017.0
INE277B01014,PUNJABCHEM,442.95
INE277C01012,REGENCERAM,7.0
INE278B01020,RAMANEWS,29.35
INE278G01037,CYBERMEDIA,17.75
INE278M01019,NAVKARCORP,185.5
INE279A01012,UNIVCABLES,163.0
INE280A01028,TITAN,884.95
INE281A01026,CENTEXT,6.8
INE283A01014,PRECOT,83.7
INE283H01019,ROHLTD,219.4
INE284A01012,ESABINDIA,794.5
INE285A01027,ELGIEQUIP,318.7
INE285H01022,ATLANTA,110.9
INE285J01010,SIS,1216.0
INE286H01012,VISASTEEL,19.3
INE286K01024,TECHNO,387.55
INE287B01021,SUBROS,354.8
INE287C01029,MIC,9.05
INE288A01013,MAHSCOOTER,2700.05
INE288B01029,DEEPAKNTR,284.0
INE289A01011,NAHARINDUS,104.65
INE289B01019,GICHSGFIN,434.0
INE289C01025,TIMESGTY,66.9
INE290A01027,NAHARSPING,119.95
INE290B01025,OCL,1388.6
INE291D01011,KDDL,347.0
INE292A01023,UVSL,0.35
INE292B01021,HBLPOWER,62.7
INE293A01013,ROLTA,70.6
INE294A01037,BALLARPUR,16.3
INE294B01019,SMLISUZU,848.0
INE294G01018,RAJOIL,2.5
INE295A01018,EVERESTIND,579.9
INE295D01020,NACLIND,55.95
INE295F01017,BUTTERFLY,603.0
INE296A01024,BAJFINANCE,1690.0
INE296G01013,MUTHOOTCAP,759.9
INE296H01011,EMKAY,223.9
INE297H01019,GALLANTT,43.75
INE298A01020,CUMMINSIND,924.4
INE298G01027,AJMERA,318.0
INE298I01015,ARIES,232.05
INE298J01013,RNAM,290.0
INE299C01024,KGL,2.75
INE299U01018,CROMPTON,252.0
INE301A01014,RAYMOND,1084.55
INE301D01026,RUBYMILLS,392.0
INE302A01020,EXIDEIND,228.05
INE302H01017,GTNTEX,21.7
INE302M01033,PRABHAT,221.3
INE303A01010,DICIND,559.0
INE304A01026,MUKANDLTD,86.9
INE305A01015,TFCILTD,161.2
INE305C01029,PANAMAPET,222.0
INE305H01028,SUNILHITEC,13.0
INE306A01021,BAJAJHIND,14.5
INE306B01029,ICSA,4.5
INE306C01019,ENERGYDEV,27.45
INE306L01010,QUICKHEAL,351.2
INE306R01017,INTELLECT,181.65
INE308A01027,NAHARPOLY,77.95
INE308H01022,PRATIBHA,9.0
INE309M01012,PREMIERPOL,39.95
INE310A01015,NILKAMAL,1850.0
INE310C01029,HINDCOMPOS,483.05
INE311H01018,ELAND,18.65
INE312H01016,INOXLEISUR,281.2
INE313D01013,MOHOTAIND,404.7
INE314C01013,SOMATEX,14.65
INE314G01014,KALYANIFRG,357.95
INE314T01025,GOKULAGRO,26.05
INE315J01015,FIRSTWIN,3.3
INE316L01019,BHARATWIRE,129.8
INE317F01035,NESCO,617.5
INE318A01026,PIDILITIND,898.5
INE318D01020,ZENITHBIR,0.9
INE318J01027,NUTEK,1.3
INE319B01014,BYKE,193.0
INE320B01020,CENTUM,673.9
INE320L01011,DHUNINV,463.0
INE320X01016,SMSLIFE,421.95
INE321D01016,OCCL,1256.65
INE322A01010,GILLETTE,6698.8
INE323A01026,BOSCHLTD,19664.95
INE323C01030,INDIANHUME,414.0
INE323I01011,PURVA,153.1
INE323J01019,SOMICONVEY,70.9
INE324A01024,JINDALSAW,156.0
INE324C01038,STERLINBIO,3.8
INE324L01013,RPPINFRA,305.75
INE325A01013,TIMKEN,905.95
INE325C01035,DOLLAR,460.0
INE326A01037,LUPIN,901.7
INE326B01027,ALMONDZ,27.4
INE330H01018,RCOM,31.05
INE331A01037,RAMCOCEM,773.3
INE332A01027,THOMASCOOK,239.6
INE332G01032,POCHIRAJU,6.5
INE332H01014,INDOTECH,210.75
INE333I01036,NTL,4.5
INE334A01023,STERTOOLS,406.05
INE334L01012,UJJIVAN,385.75
INE335A01012,SURYAROSNI,414.2
INE335K01011,COFFEEDAY,336.8
INE335W01016,GANGESSECU,100.4
INE336H01023,GAYAPROJ,212.0
INE337A01034,LGBBROSLTD,1033.0
INE337M01013,INDOTHAI,91.9
INE338A01016,TIRUMALCHM,2064.9
INE338D01028,BODALCHEM,160.25
INE338I01027,MOTILALOFS,1293.0
INE340A01012,BIRLACORPN,1175.0
INE341R01014,DTIL,439.9
INE342A01018,PREMIER,35.5
INE342J01019,WABCOINDIA,7584.9
INE343B01030,RAJESHEXPO,833.65
INE343D01010,JAIHINDPRO,5.3
INE343H01029,SOLARINDS,1094.0
INE345A01011,HINDOILEXP,129.8
INE345B01019,CEREBRAINT,55.8
INE346H01014,GITANJALI,69.5
INE346W01013,APEX,657.0
INE347A01017,MANGLMCEM,424.7
INE347G01014,PETRONET,259.45
INE347W01011,MAGADSUGAR,151.0
INE348A01023,ASHAPURMIN,90.0
INE348B01021,CENTURYPLY,329.0
INE348L01012,MASFIN,642.0
INE349A01021,NRBBEARING,165.9
INE349W01017,AVADHSUGAR,697.95
INE350C01017,OPTIEMUS,268.4
INE350H01032,BLKASHYAP,56.4
INE351A01035,UNICHEMLAB,362.05
INE351F01018,JPPOWER,7.15
INE352A01017,VALUEIND,8.0
INE353A01023,HINDUJAVEN,749.2
INE353H01010,SGL,19.2
INE353K01014,ITDC,507.95
INE354C01027,BHAGERIA,327.5
INE355A01028,SOMANYCERA,760.55
INE356A01018,MPHASIS,912.0
INE358A01014,ABBOTINDIA,5650.0
INE360C01024,DPSCLTD,30.5
INE360L01017,FMNL,138.65
INE361B01024,DIVISLAB,1079.9
INE361M01021,HIGHGROUND,14.5
INE362A01016,PVP,7.95
INE363A01022,ASIANHOTNR,274.95
INE363M01019,SHEMAROO,535.0
INE363W01018,BHAGYAPROP,23.1
INE364A01020,JAYSREETEA,103.5
INE365B01017,DATAMATICS,135.5
INE365D01021,ASHIANA,202.8
INE365I01020,NBIFIN,1681.0
INE366A01041,DWARKESH,44.2
INE366I01010,VRLLOG,449.95
INE367G01038,PFOCUS,111.0
INE369A01029,EXCELINDUS,729.95
INE369C01017,NORBTEAEXP,7.45
INE369I01014,IL&FSENGG,46.5
INE370E01029,VIVIDHA,1.25
INE371A01025,GRAPHITE,812.0
INE371C01013,PODDARMENT,307.0
INE371P01015,AMBER,1299.0
INE372A01015,APARINDS,768.65
INE372C01029,PRECWIRE,266.5
INE373A01013,BASF,2155.95
INE374B01019,MUKTAARTS,89.3
INE376C01020,SPENTEX,6.2
INE376G01013,BIOCON,631.0
INE378D01032,MADHUCON,32.7
INE381A01016,SAMTEL,1.5
INE383A01012,INDIACEM,171.25
INE383H01017,MALUPAPER,43.75
INE384A01010,RANEHOLDIN,2564.8
INE385C01013,SARDAEN,558.5
INE385I01010,ALPA,41.0
INE385W01011,DCAL,385.0
INE386A01015,VESUVIUS,1436.0
INE386C01029,ASTRAMICRO,115.0
INE387A01021,SUNDRMFAST,536.7
INE387I01016,MAGNUM,13.15
INE388G01018,TANTIACONS,18.1
INE389H01022,KEC,357.9
INE389K01018,WELINV,213.15
INE390G01014,GPTINFRA,214.5
INE390H01012,KAMDHENU,247.95
INE391D01019,TRF,236.0
INE392A01013,VISAKAIND,759.9
INE392B01011,PNC,23.35
INE393A01011,DELTAMAGNT,73.95
INE393P01035,DIAMONDYD,1170.0
INE395A01016,BSELINFRA,5.65
INE397D01024,BHARTIARTL,446.0
INE397H01017,LOKESHMACH,70.75
INE398A01010,VENKEYS,2785.0
INE398B01018,MRO-TEK,30.0
INE398R01022,SYNGENE,625.0
INE399C01030,SUPRAJIT,311.75
INE399G01015,RKFORGE,805.0
INE399K01017,RTNPOWER,7.45
INE400H01019,ADHUNIK,5.75
INE401H01017,KKCL,1750.0
INE405C01035,LINCOLN,257.55
INE405E01023,MINDAIND,1249.45
INE406A01037,AUROPHARMA,635.5
INE406M01024,ERIS,787.9
INE409A01015,THIRUSUGAR,54.0
INE409B01013,SWELECTES,465.0
INE410B01029,VINATIORGA,957.7
INE410D01017,RAMGOPOLY,4.85
INE410P01011,NH,288.0
INE411B01019,VENUSREM,91.7
INE411D01015,SKMEGGPROD,84.5
INE411H01032,RSYSTEMS,43.0
INE412C01015,JMA,239.95
INE412U01017,BIGBLOC,138.1
INE413B01023,RUCHINFRA,5.25
INE413D01011,ARIHANT,53.9
INE413G01014,TPLPLASTEH,674.0
INE414A01015,MADRASFERT,47.25
INE414B01021,ANTGRAPHIC,1.05
INE414G01012,MUTHOOTFIN,422.0
INE415A01038,HSIL,454.55
INE415I01015,KIRIINDUS,587.15
INE416A01036,SABTN,24.3
INE416D01022,BLISSGVS,209.55
INE416L01017,EROSMEDIA,207.3
INE417B01040,DSSL,45.6
INE417C01014,PILANIINVS,3042.0
INE418H01029,ALLCARGO,195.0
INE419A01022,KOTARISUG,17.3
INE419M01019,TDPOWERSYS,193.9
INE420C01042,PAISALO,297.9
INE421A01028,ABAN,215.6
INE421C01016,TVSSRICHAK,3640.1
INE421D01022,CCL,297.7
INE422C01014,TINPLATE,266.5
INE423A01024,ADANIENT,218.75
INE424C01010,GINNIFILA,38.2
INE424H01027,SUNTV,1030.0
INE425A01011,METALFORGE,33.0
INE425B01027,LYCOS,6.3
INE426A01027,ALEMBICLTD,66.3
INE426D01013,GOACARBON,962.7
INE428A01015,ALBK,68.4
INE428O01016,AIFL,463.8
INE429C01035,SINTEX,23.4
INE429F01012,SKIL,48.05
INE429I01024,CCCL,7.4
INE430G01026,JVLAGRO,35.5
INE431F01018,PKTEA,599.0
INE431L01016,SERVALL,1.95
INE434A01013,ANDHRABANK,53.6
INE435A01028,IPAPPM,364.0
INE435C01024,TEXINFRA,68.4
INE435G01025,DHANUKA,783.75
INE436A01026,ANSALAPI,27.5
INE437A01024,APOLLOHOSP,1173.85
INE437B01014,KAKATCEM,373.05
INE438A01022,APOLLOTYRE,263.75
INE439A01020,ASAHIINDIA,347.9
INE439E01022,SKIPPER,247.9
INE439L01019,DALMIABHA,2962.05
INE440A01010,ASHIMASYN,30.9
INE440L01017,TIJARIA,13.95
INE442A01024,ASSAMCO,5.1
INE442H01029,ASHOKA,229.95
INE445C01015,XPROINDIA,55.0
INE446A01025,ATLASCYCLE,199.75
INE446C01013,GLOBOFFS,35.8
INE448A01013,AUTOLITIND,67.5
INE448G01010,NATHBIOGEN,538.5
INE449A01011,AUTOAXLES,1694.65
INE449G01018,AGRITECH,110.8
INE450D01021,PITTILAM,87.5
INE450G01024,VIPCLOTHNG,78.45
INE451F01016,APOLSINHOT,1420.0
INE451L01014,MAHASTEEL,110.3
INE452L01012,ADHUNIKIND,88.8
INE452O01016,FLFL,385.9
INE453B01029,COMPUSOFT,14.5
INE453D01025,SARLAPOLY,62.8
INE453M01018,NAGAROIL,4.35
INE454M01024,NAGAFERT,23.4
INE455F01025,JPASSOCIAT,20.9
INE455I01029,KSCL,518.65
INE455O01019,PENPEBS,101.95
INE455T01018,JSLHISAR,203.95
INE456C01012,DFMFOODS,1634.95
INE457A01014,MAHABANK,19.9
INE457F01013,SALZERELEC,213.7
INE457L01011,PGEL,408.5
INE458B01036,BHAGYANGR,42.7
INE458F01011,UNITEDTEA,452.7
INE459A01010,BANARISUG,1918.95
INE460C01014,GANESHHOUC,161.9
INE460H01021,STARCEMENT,129.0
INE461B01014,REPRO,750.0
INE461C01038,GREENPLY,362.55
INE462A01022,BAYERCROP,4599.95
INE463A01038,BERGEPAINT,253.05
INE464A01028,BBL,1382.45
INE465A01025,BHARATFORG,724.9
INE466H01028,UNITY,7.1
INE467B01029,TCS,3150.0
INE470A01017,3MINDIA,18875.0
INE470Y01017,NIACL,639.0
INE471W01019,PALASHSECU,76.0
INE472A01039,BLUESTARCO,766.6
INE472M01018,MTEDUCARE,57.0
INE473A01011,LINDEINDIA,547.05
INE473B01035,HATSUN,811.5
INE473D01015,KINGFA,1029.9
INE474B01017,PSL,4.6
INE474C01015,REMSONSIND,88.0
INE474E01029,BHANDARI,3.7
INE474I01012,TULSI,2.95
INE474L01016,OMKARCHEM,74.5
INE475B01022,HIKAL,225.35
INE475E01026,CAPLIPOINT,629.0
INE476A01014,CANBK,352.0
INE477A01020,CANFINHOME,452.6
INE477B01010,DPL,156.0
INE480C01012,SDBL,257.3
INE481G01011,ULTRACEMCO,4405.9
INE481K01013,ESL,4.8
INE481Y01014,GICRE,767.4
INE482A01020,CEATLTD,1864.0
INE482B01010,TERASOFT,68.95
INE482J01021,GAL,9.3
INE483A01010,CENTRALBK,73.75
INE483B01026,ICIL,107.5
INE483C01032,TANLA,34.65
INE483S01020,INFIBEAM,158.5
INE484C01022,TIDEWATER,6973.7
INE484I01029,PRECAM,119.0
INE484J01027,GODREJPROP,809.9
INE485A01015,CENTENKA,330.95
INE485C01011,IOLCP,75.65
INE486A01013,CESC,1074.35
INE486B01011,JAINSTUDIO,4.9
INE486J01014,INFINITE,398.0
INE488B01017,TASTYBITE,9190.0
INE488D01021,AVTNPL,46.35
INE488V01015,PSPPROJECT,535.0
INE489H01020,NITINFIRE,6.4
INE490G01020,MOIL,246.05
INE491A01021,CUB,164.0
INE492A01029,CLNINDIA,646.95
INE493A01027,TATACOFFEE,147.35
INE494B01023,TVSMOTOR,712.0
INE495A01022,DALMIASUG,107.7
INE495B01038,SUVEN,231.45
INE495C01010,SANGAMIND,178.0
INE495J01015,PRADIP,2.95
INE495S01016,HPL,155.8
INE497B01018,SEAMECLTD,175.5
INE497D01014,DAMODARIND,126.9
INE498A01018,DCM,105.5
INE498B01024,SHOPERSTOP,525.0
INE498E01010,SALONA,131.0
INE498L01015,L&TFH,177.65
INE499A01024,DCMSHRIRAM,598.95
INE500A01029,DCW,40.85
INE500L01026,SHK,305.6
INE501A01019,DEEPAKFERT,404.7
INE501G01024,HTMEDIA,102.3
INE501W01021,SPTL,75.5
INE502K01016,TALWALKARS,315.5
INE503A01015,DCBBANK,181.45
INE503B01013,STEELXIND,33.75
INE505C01016,PRAENG,15.4
INE506A01018,DREDGECORP,789.9
INE508G01029,TIMETECHNO,189.2
INE509F01011,CUPID,357.9
INE509K01011,TECHNOFAB,249.0
INE510A01028,ENGINERSIN,179.0
INE510K01019,SHILPI,11.45
INE511C01022,MAGMA,165.0
INE513A01014,SCHAEFFLER,5585.6
INE516A01017,UFLEX,442.5
INE516K01024,GOENKA,0.55
INE517B01013,TTML,7.1
INE517F01014,GPPL,145.8
INE517U01013,AGLSL,120.75
INE519A01011,FOSECOIND,1799.4
INE519C01017,SUMMITSEC,1088.1
INE520A01019,ZENSARTECH,965.0
INE520H01022,BEARDSELL,65.95
INE521J01018,CAREERP,124.65
INE522D01027,MANAPPURAM,114.85
INE522F01014,COALINDIA,304.55
INE523B01011,AKSHOPTFBR,39.5
INE524A01029,GABRIEL,173.75
INE524B01027,GANDHITUBE,427.5
INE524L01026,KRIDHANINF,121.0
INE526A01016,GARDENSILK,41.2
INE526B01014,CALSOFT,60.8
INE526E01018,SHRIPISTON,1800.0
INE526G01021,VIVIMEDLAB,90.45
INE527H01019,UFO,469.95
INE528A01020,GKWLIMITED,646.0
INE528G01027,YESBANK,356.55
INE528K01011,GALLISPAT,328.9
INE529A01010,FMGOETZE,553.95
INE529D01014,PATINTLOG,80.35
INE529F01027,SIGNET,8.3
INE530B01024,IIFL,735.9
INE531A01024,KANSAINER,518.9
INE531E01026,HINDCOPPER,86.75
INE532F01054,EDELWEISS,290.0
INE533D01024,RAJRAYON,0.6
INE536A01023,GRINDWELL,537.5
INE536H01010,MAHINDCIE,230.7
INE537A01013,GTNIND,18.0
INE538A01037,GUJFLUORO,850.0
INE539A01019,GHCL,325.0
INE540G01014,AMBIKCO,1416.9
INE540H01012,VOLTAMP,1069.0
INE540L01014,ALKEM,2229.95
INE542A01039,GSCLCEMENT,34.2
INE542B01011,AKSHARCHEM,743.95
INE542C01019,NKIND,49.85
INE542F01012,RNAVAL,48.75
INE544A01019,HARRMALAYA,87.3
INE544H01014,JHS,72.65
INE544R01013,GREENLAM,1310.0
INE545A01016,HEG,2915.0
INE545H01011,TIIL,567.95
INE546Y01022,PRAXIS,315.0
INE547E01014,IMPAL,1145.0
INE548A01028,HFCL,30.0
INE548C01032,EMAMILTD,1144.9
INE549A01026,HCC,40.1
INE550B01014,HBSTOCK,49.5
INE550C01020,URJA,9.35
INE550H01011,SUPREMEINF,127.0
INE551A01022,HINDDORROL,8.0
INE553C01016,NECCLTD,29.45
INE555B01013,AXISCADES,187.85
INE557A01011,HIL,1790.0
INE557B01019,LIBERTSHOE,244.7
INE558B01017,MANGCHEFER,74.35
INE558D01021,CORALFINAC,38.95
INE559A01017,IFBIND,1285.0
INE559B01023,NAKODA,0.5
INE559D01011,CREST,245.0
INE560A01015,INDIAGLYCO,526.95
INE560K01014,PFS,35.4
INE561C01019,BHARATGEAR,203.0
INE561H01026,PARSVNATH,24.6
INE562A01011,INDIANB,372.9
INE562B01019,RAJSREESUG,48.95
INE563J01010,ASTEC,602.2
INE565A01014,IOB,22.9
INE565L01011,ZEELEARN,44.6
INE566K01011,ISFT,719.2
INE567A01010,NIPPOBATRY,880.1
INE569C01020,ORIENTABRA,49.5
INE570D01018,ARROWGREEN,480.0
INE571A01020,IPCALAB,589.0
INE571B01028,JAYBARMARU,524.0
INE572A01028,JBCHEPHARM,311.05
INE572E01012,PNBHOUSING,1304.3
INE573A01042,JKTYRE,179.5
INE573K01017,RUSHIL,1004.25
INE574I01035,ARCOTECH,48.85
INE576I01022,JKIL,335.25
INE577A01027,MUNJALSHOW,277.6
INE577L01016,STEL,118.8
INE578A01017,HEIDELBERG,157.75
INE579C01029,VIMTALABS,221.0
INE580B01029,GRUH,593.2
INE583B01015,SANDESH,1213.0
INE583C01021,DECCANCE,587.0
INE584A01023,NMDC,144.6
INE584F01014,MANGALAM,183.5
INE585B01010,MARUTI,9585.0
INE586B01026,TAJGVK,184.75
INE586G01017,GULFPETRO,83.7
INE586V01016,TCIEXP,541.0
INE587G01015,KAYA,1040.0
INE588B01014,ECEIND,376.5
INE589A01014,NLCINDIA,104.8
INE589G01011,BRFL,74.6
INE590L01019,VASWANI,16.0
INE591A01010,OILCOUNTUB,52.5
INE591G01017,NIITTECH,868.0
INE592A01026,ORIENTPPR,48.95
INE592B01016,TTL,113.35
INE592I01029,METKORE,3.6
INE594B01012,BSL,96.35
INE594H01019,THYROCARE,692.05
INE596H01014,HOVS,288.0
INE597I01010,SHARDAMOTR,2350.0
INE597J01018,SHALBY,242.0
INE597L01014,LOVABLE,229.55
INE598C01011,HISARMETAL,101.0
INE599M01018,JUSTDIAL,528.9
INE600A01035,PILITA,16.0
INE600L01024,LALPATHLAB,919.0
INE602A01015,PHILIPCARB,1295.0
INE602G01020,KITEX,294.7
INE602K01014,SYNCOM,6.7
INE603A01013,PRAKASH,218.9
INE603J01030,PIIND,914.8
INE606A01024,AMJLAND,25.8
INE607D01018,ORIENTBELL,348.4
INE607L01029,BILENERGY,1.7
INE608A01012,PSB,45.95
INE609C01024,ORIENTLTD,209.8
INE610B01024,GUJRAFFIA,83.0
INE611A01016,RSWM,364.0
INE611L01021,INDTERRAIN,216.0
INE612J01015,REPCOHOME,637.6
INE613A01020,RALLIS,252.6
INE614A01028,RAMCOIND,297.0
INE614B01018,KTKBANK,149.65
INE614G01033,RPOWER,47.7
INE615H01020,TWL,158.45
INE615I01010,GLOBUSSPR,141.95
INE615P01015,QUESS,1017.9
INE617A01013,REVATHI,698.95
INE618H01016,PARABDRUGS,8.35
INE618L01018,5PAISA,305.0
INE619A01027,RUCHISOYA,17.4
INE619B01017,NEWGEN,258.0
INE619I01012,A2ZINFRA,38.65
INE621H01010,RELIGARE,47.15
INE621L01012,TEXRAIL,105.7
INE623A01011,SAKHTISUG,24.15
INE623B01027,FEL,42.95
INE625B01014,RANASUG,7.1
INE625G01013,WELENT,178.25
INE627H01017,CTE,88.35
INE628A01036,UPL,777.0
INE629D01012,BANSWRAS,129.8
INE630A01016,SESHAPAPER,1050.0
INE631A01022,SHANTIGEAR,151.9
INE632C01026,VIDHIING,94.65
INE633B01018,POLYPLEX,518.0
INE634A01018,HONDAPOWER,1457.15
INE634I01029,KNRCON,316.05
INE635Q01029,GULFOILLUB,917.9
INE636A01039,MAWANASUG,71.7
INE637C01025,POKARNA,222.0
INE637H01024,SHIVAMAUTO,85.5
INE639K01016,NITESHEST,16.05
INE640A01023,SKFINDIA,1802.0
INE640C01011,SHAHALLOYS,22.15
INE641C01019,KAVVERITEL,12.5
INE643A01035,SONASTEER,109.2
INE643K01018,ARIHANTSUP,159.45
INE645H01027,SUTLEJTEX,100.7
INE645L01011,JUBLINDS,224.9
INE646C01018,GROBTEA,1777.0
INE646L01027,INDIGO,1225.0
INE646X01014,ASTRON,141.5
INE647A01010,SRF,1827.95
INE647O01011,ABFRL,164.0
INE648H01013,HANUNG,4.0
INE649H01011,EUROCERA,7.95
INE650K01021,8KMILES,753.0
INE650L01011,BROOKS,105.65
INE651C01018,LAKPRE,53.7
INE651G01027,SUPREMETEX,2.6
INE652F01027,CCHHL,16.75
INE655A01013,STCINDIA,163.75
INE655B01011,BANARBEADS,71.35
INE656K01010,DQE,17.7
INE657B01025,BLUECHIP,0.2
INE658G01014,SALSTEEL,6.85
INE659A01023,SUDARSCHEM,464.95
INE659D01019,SURANAIND,3.85
INE660A01013,SUNDARMFIN,1899.0
INE661I01014,BGRENERGY,134.6
INE662A01027,SUPERSPIN,17.85
INE662C01015,CHROMATIC,2.6
INE662L01016,TCIDEVELOP,499.95
INE663A01017,SUPPETRO,377.0
INE663B01015,CONTROLPR,470.0
INE663F01024,NAUKRI,1395.0
INE665A01038,SWANENERGY,217.9
INE665J01013,VMART,1542.1
INE666E01012,ANDHRACEMT,13.2
INE667A01018,SYNDIBANK,73.65
INE667G01015,SAKSOFT,226.55
INE668D01028,DONEAR,68.7
INE668F01031,JYOTHYLAB,366.95
INE669C01036,TECHM,626.2
INE669E01016,IDEA,96.1
INE670A01012,TATAELXSI,1088.45
INE670X01014,LASA,174.8
INE671A01010,HONAUT,17050.0
INE671H01015,SOBHA,575.5
INE672A01018,TATAINVEST,860.75
INE672B01032,MUNJALAU,86.0
INE672K01025,CNOVAPETRO,36.0
INE673G01013,BHARATIDIL,6.45
INE674A01014,TATASPONGE,1120.0
INE674K01013,ABCAPITAL,172.8
INE675C01017,CIGNITITEC,296.5
INE675G01018,PINCON,36.05
INE676A01019,AGCNET,122.4
INE677H01012,DEEPIND,210.85
INE680A01011,DHANBANK,27.15
INE681B01017,INDRAMEDCO,56.95
INE681C01015,KEYCORPSER,64.85
INE683A01023,SOUTHBANK,30.65
INE683C01011,MAITHANALL,905.6
INE684F01012,FSL,42.35
INE685A01028,TORNTPHARM,1369.95
INE686A01026,ITDCEM,208.9
INE686F01025,UBL,1155.5
INE686I01011,SITASHREE,4.95
INE688A01022,TCI,281.5
INE688D01026,RESPONIND,39.4
INE688E01024,HERCULES,142.8
INE688I01017,CAPF,748.2
INE688J01015,EXCEL,36.0
INE690A01010,TTKPRESTIG,7499.25
INE691A01018,UCOBANK,31.7
INE692A01016,UNIONBANK,137.0
INE692B01014,MURUDCERA,48.1
INE692G01013,XCHANGING,60.85
INE694A01020,UNITECH,8.85
INE694C01018,LAKSHVILAS,131.5
INE694D01016,VADILALIND,861.0
INE695A01019,UNITEDBNK,16.9
INE695B01025,COUNCODOS,4.45
INE699A01011,UTTAMSTL,21.8
INE699B01027,SAMBHAAV,12.75
INE700A01033,JUBILANT,962.8
INE701A01023,VHL,4878.95
INE701B01021,PUNJLLOYD,23.7
INE702C01019,APLAPOLLO,2240.0
INE703A01011,VIDEOIND,18.8
INE703B01027,RATNAMANI,1067.9
INE703H01016,HUBTOWN,122.05
INE704H01022,CINELINE,99.4
INE704P01017,COCHINSHIP,546.5
INE705A01016,VIJAYABANK,65.0
INE705C01020,SHIVATEX,616.3
INE707A01012,VINDHYATEL,1140.0
INE707C01018,CAPTRUST,503.0
INE709A01018,VLSFINANCE,91.65
INE710A01016,VSTIND,3295.5
INE711A01022,WALCHANNAG,222.55
INE712B01010,SUPERHOUSE,168.9
INE712K01011,SHREEPUSHK,276.8
INE713B01026,SURYALAXMI,91.95
INE713T01010,APOLLO,360.85
INE715A01015,WHEELS,2224.0
INE715B01013,ANDHRSUGAR,664.75
INE716A01013,WHIRLPOOL,1485.8
INE716B01011,TIPSINDLTD,108.6
INE718H01014,AUTOIND,91.1
INE719A01017,ZANDUREALT,2210.0
INE720A01015,KOTHARIPET,29.0
INE721A01013,SRTRANSFIN,1405.0
INE722A01011,SHRIRAMCIT,2069.0
INE722H01016,RJL,326.0
INE722J01012,RKDL,18.6
INE725A01022,NBVENTURES,162.4
INE725E01024,ORISSAMINE,1875.0
INE725G01011,ICRA,3989.0
INE725L01011,KARMAENG,41.85
INE726G01019,ICICIPRULI,414.85
INE726L01019,WEIZFOREX,1200.0
INE726V01018,PRICOLLTD,111.9
INE727B01026,GENESYS,294.0
INE727S01012,BRNL,185.0
INE729D01010,KILITCH,87.05
INE730A01022,ORICONENT,64.45
INE731A01020,ARCHIES,44.5
INE731C01018,KHAITANLTD,49.75
INE731H01025,ACE,175.0
INE731U01010,DIGJAMLTD,14.0
INE732A01036,KIRLOSBROS,362.0
INE732C01016,NCLIND,276.75
INE732F01019,ISMTLTD,15.4
INE733A01018,STARPAPER,275.85
INE733E01010,NTPC,170.95
INE734N01019,SNOWMAN,57.3
INE735M01018,SEPOWER,9.25
INE736A01011,CDSL,335.45
INE737B01033,SPHEREGSL,41.8
INE737H01014,FIEMIND,942.05
INE738I01010,ECLERX,1524.55
INE739A01015,MOSERBAER,5.0
INE739E01017,CERA,3523.0
INE740D01017,NRAIL,502.95
INE741L01018,DUCON,43.55
INE742A01019,PETRONENGG,133.45
INE742B01025,GUFICBIO,124.3
INE742C01031,JINDRILL,194.95
INE742F01042,ADANIPORTS,435.5
INE743C01013,MONNETISPA,29.85
INE743M01012,ORIENTREF,172.0
INE744I01034,MVL,0.55
INE745G01035,MCX,788.0
INE747B01016,NEXTMEDIA,17.6
INE747K01017,TARAPUR,7.7
INE748A01016,MBECL,61.85
INE748C01020,3IINFOTECH,6.5
INE748T01016,SIMBHALS,23.25
INE749A01030,JINDALSTEL,274.0
INE749B01012,ORTINLABSS,21.85
INE750A01020,ORIENTHOT,57.8
INE750C01026,MARKSANS,42.2
INE750M01017,HEXATRADEX,71.0
INE752E01010,POWERGRID,195.3
INE752G01015,MSPL,26.0
INE752H01013,CARERATING,1374.9
INE752P01024,FRETAIL,562.8
INE753K01015,EMMBI,199.5
INE754A01014,SUBEX,10.25
INE756C01015,NDGL,1649.25
INE757A01017,COSMOFILMS,356.0
INE757B01015,SHREYAS,594.9
INE758C01029,AHLUCONT,357.9
INE759A01021,MASTEK,493.3
INE759V01019,TMRVL,155.0
INE760A01029,KOKUYOCMLN,140.8
INE760L01018,TBZ,129.15
INE761H01022,PAGEIND,21838.6
INE763A01023,POLARIS,424.7
INE763I01026,TRIL,36.5
INE764D01017,VSTTILLERS,2379.75
INE764L01010,SADBHIN,146.3
INE765G01017,ICICIGI,805.0
INE766P01016,MAHLOG,486.0
INE767A01016,AARTIDRUGS,651.55
INE768C01010,ZYDUSWELL,1015.0
INE768E01024,AICHAMP,37.45
INE769A01020,AARTIIND,1061.8
INE771A01026,MIRZAINT,137.3
INE773I01017,ALKALI,84.0
INE774D01024,M&MFIN,475.0
INE775A01035,MOTHERSUMI,367.55
INE775B01025,KWALITY,100.95
INE776C01039,GMRINFRA,22.5
INE776I01010,MEP,91.95
INE778A01021,TECHIN,11.35
INE778B01029,ESTER,73.35
INE778K01012,EMAMIINFRA,335.0
INE780C01023,JMFINANCIL,167.85
INE781A01025,INTENTECH,100.5
INE781B01015,NOIDATOLL,14.8
INE782A01015,JCHAC,2547.45
INE782E01017,HESTERBIO,1620.0
INE782L01012,SANCO,47.15
INE784B01035,WINSOME,2.25
INE785A01026,JAYAGROGN,402.6
INE785C01048,LITL,1.7
INE785M01013,PCJEWELLER,516.0
INE786A01032,JKLAKSHMI,420.0
INE786F01031,UTTAMSUGAR,119.4
INE787D01026,BALKRISIND,1184.5
INE788B01028,INDSWFTLTD,9.3
INE788H01017,HILTON,39.0
INE789E01012,JKPAPER,149.85
INE790B01024,KCPSUGIND,29.1
INE790C01014,PATSPINLTD,24.6
INE790G01031,SHILPAMED,578.8
INE791A01024,BLBLIMITED,6.85
INE791I01019,BRIGADE,292.8
INE792H01019,GLOBALVECT,159.75
INE792I01017,CORDSCABLE,124.9
INE793A01012,ACCELYA,1497.0
INE794A01010,NEULANDLAB,843.6
INE794B01026,BALAJITELE,154.4
INE795G01014,HDFCLIFE,432.9
INE796G01012,JINDALPHOT,72.95
INE797F01012,JUBLFOOD,2148.4
INE797H01018,TGBHOTELS,55.55
INE799L01016,TARAJEWELS,17.2
INE800A01015,BIRLACABLE,54.9
INE800H01010,OMAXE,230.25
INE802B01019,LINCPEN,460.0
INE802C01017,SSWL,1128.0
INE802G01018,JETAIRWAYS,774.95
INE803H01014,RUCHIRA,185.8
INE804H01012,TFL,13.15
INE805A01014,GOLDTECH,15.9
INE805B01012,MANGTIMBER,35.2
INE805C01028,KCP,147.7
INE805D01034,SUNTECK,434.6
INE806A01020,VIKASECO,42.1
INE806C01018,TIL,625.0
INE806F01011,VIJSHAN,26.7
INE807F01027,SEQUENT,88.55
INE807K01035,SCHAND,479.9
INE808B01016,OPTOCIRCUI,11.15
INE809I01019,ONMOBILE,56.3
INE811K01011,PRESTIGE,325.0
INE812G01025,SMSPHARMA,100.0
INE813A01018,MAHLIFE,505.0
INE813H01021,TORNTPOWER,290.75
INE814H01011,ADANIPOWER,38.25
INE816B01019,FILATEX,218.75
INE817A01019,MELSTAR,4.25
INE817H01014,BURNPUR,12.4
INE818A01017,SELAN,226.0
INE818H01020,DAAWAT,94.15
INE819B01021,JENSONICOL,6.0
INE819L01012,ELGIRUBCO,50.4
INE821I01014,IRB,245.4
INE822C01015,TCPLPACK,670.0
INE822G01016,ELECTHERM,162.8
INE823A01017,KOTHARIPRO,207.0
INE823G01014,JKCEMENT,1126.15
INE824B01021,BHUSANSTL,53.6
INE824G01012,JSWHL,1713.9
INE824Q01011,MANAKSTEEL,40.5
INE825A01012,VTL,1344.95
INE825H01017,ESSDEE,73.4
INE826C01016,GUJAPOLLO,229.05
INE828A01016,BIL,491.0
INE829A01014,BIOFILCHEM,15.5
INE830Q01018,MANAKCOAT,18.95
INE831A01028,MIRCELECTR,54.0
INE831Q01016,BKMINDST,42.0
INE834I01025,KHADIM,700.0
INE834M01019,RTNINFRA,6.5
INE835A01011,VARDMNPOLY,34.5
INE835B01035,MOLDTECH,72.4
INE835D01023,HIRECT,126.95
INE835G01018,ALLSEC,418.35
INE836A01035,KPIT,220.65
INE836B01017,SATIN,489.95
INE836F01026,DISHTV,75.9
INE836H01014,MCDHOLDING,42.35
INE837H01020,ADVENZYMES,269.0
INE838B01013,BHARATRAS,4142.0
INE838E01017,PONNIERODE,181.05
INE839G01010,JOCIL,191.8
INE839M01018,SCHNEIDER,121.5
INE840M01016,ZUARI,496.2
INE841B01017,INDBANK,32.75
INE842C01021,MINDACORP,205.0
INE844A01013,PEARLPOLY,36.0
INE844K01012,BEDMUTHA,24.9
INE844O01022,GUJGASLTD,865.0
INE845D01014,GANECOS,409.7
INE847C01020,ROSSELLIND,114.9
INE848A01014,IZMO,84.95
INE848E01016,NHPC,30.0
INE849A01020,TRENT,321.95
INE849C01026,SHALPAINTS,194.0
INE849L01019,ORTEL,33.6
INE850D01014,GODREJAGRO,579.0
INE850E01012,LFIC,123.25
INE852F01015,GDL,233.25
INE854B01010,JAYNECOIND,10.5
INE854D01016,MCDOWELL-N,3309.7
INE855B01025,RAIN,404.75
INE855C01015,WEBELSOLAR,123.0
INE855F01034,BARTRONICS,14.2
INE858F01012,NITCO,134.0
INE859A01011,PNBGILTS,43.7
INE859Q01017,MANAKALUCO,13.65
INE860A01027,HCLTECH,1017.9
INE860T01019,SABEVENTS,14.2
INE861A01058,VISESHINFO,0.2
INE861B01015,MOTOGENFIN,39.35
INE862A01015,LML,9.3
INE863B01011,PREMEXPLN,440.9
INE863I01016,BANG,36.5
INE863T01013,JITFINFRA,46.25
INE864B01027,UMANGDAIRY,101.75
INE865C01022,BIRLAMONEY,81.0
INE865T01018,PDMJEPAPER,27.4
INE866K01015,INDOSOLAR,11.0
INE866R01028,MATRIMONY,934.95
INE867A01022,MANUGRAPH,53.9
INE868B01028,NCC,126.85
INE869I01013,GTPL,164.9
INE870D01012,NFL,73.9
INE870H01013,NETWORK18,57.2
INE871B01014,ZICOM,25.6
INE871C01020,AVANTIFEED,2274.7
INE871H01011,GSS,35.9
INE871K01015,HMVL,256.7
INE871L01013,TVVISION,19.95
INE872A01014,SREINFRA,97.2
INE872H01019,LUMAXTECH,760.2
INE873D01024,INDOCO,282.95
INE874F01027,RADAAN,2.85
INE874H01015,CANDC,75.8
INE874I01013,RAMKY,223.9
INE875A01025,IVRCLINFRA,5.45
INE875G01030,NDL,146.55
INE875R01011,BALKRISHNA,85.75
INE876N01018,ORIENTCEM,152.3
INE877F01012,PTC,107.4
INE877I01016,ARCHIDPLY,106.35
INE878A01011,GEPIL,944.85
INE878B01027,KEI,390.0
INE878C01033,GEMINI,1.2
INE878E01021,SETCO,67.65
INE878H01016,INVENTURE,14.45
INE878I01014,BAFNAPHARM,24.75
INE878K01010,BFINVEST,316.0
INE879A01019,SHREERAMA,14.4
INE879E01037,KANANIIND,9.8
INE879I01012,DBREALTY,63.4
INE880B01015,ANSALHSG,28.75
INE880L01014,KIOCL,349.95
INE881D01027,OFSS,4200.0
INE882A01013,MARALOVER,42.4
INE883A01011,MRF,68798.75
INE883N01014,PARAGMILK,289.2
INE884A01019,VAIBHAVGBL,760.0
INE885A01032,AMARAJABAT,820.0
INE885E01034,MAZDA,456.0
INE886A01014,IITL,110.0
INE886H01027,TV18BRDCST,63.35
INE887G01027,GOKEX,115.5
INE888B01018,PODDARHOUS,1176.95
INE889E01010,PIONDIST,201.65
INE890A01016,JMCPROJECT,569.95
INE890C01046,SANWARIA,24.25
INE891A01014,DSKULKARNI,20.4
INE891D01026,REDINGTON,185.7
INE893I01013,VASCONEQ,42.3
INE893J01029,MOLDTKPAC,359.75
INE895B01021,RUPA,453.25
INE898F01018,SIMPLEX,36.25
INE898S01029,MAJESCO,568.8
INE899L01022,UJAAS,25.5
INE900B01029,KABRAEXTRU,128.75
INE900C01027,ASAL,93.95
INE901L01018,APLLTD,576.9
INE904D01019,PDPL,21.55
INE904J01016,JINDCOT,9.45
INE907A01026,KSL,349.35
INE908D01010,SHAKTIPUMP,542.0
INE910C01018,TTKHLTCARE,840.15
INE911B01018,TCIFINANCE,36.75
INE912H01013,MBLINFRA,24.9
INE912L01015,ONELIFECAP,28.0
INE913H01037,ENDURANCE,1207.9
INE914E01040,ALANKIT,64.75
INE915B01019,INDSWFTLAB,63.6
INE915K01010,AHLWEST,289.9
INE916G01016,GEECEE,154.7
INE916U01025,SFL,1607.5
INE917H01012,SRHHYPOLTD,196.0
INE917I01010,BAJAJ-AUTO,3385.8
INE917M01012,DBL,929.0
INE918I01018,BAJAJFINSV,4863.45
INE918N01018,VETO,223.5
INE919H01018,IMFA,678.4
INE919I01016,RADIOCITY,382.55
INE920A01011,DOLPHINOFF,121.3
INE921B01025,DBSTOCKBRO,10.4
INE922A01025,BEPL,177.0
INE922B01023,PANACEABIO,317.0
INE923A01015,SILINV,485.0
INE924A01013,SALORAINTL,52.15
INE924D01017,FORTUNEFIN,258.0
INE924H01018,TARMAT,67.0
INE925C01016,MADHAV,65.3
INE926K01017,AHLEAST,392.5
INE927A01040,ROLLT,6.35
INE927C01020,SPICEMOBI,23.7
INE927D01028,JBMA,503.9
INE930H01023,KPRMILL,765.95
INE931S01010,ADANITRANS,215.0
INE932A01024,PENIND,62.35
INE932C01012,TOKYOPLAST,126.3
INE933A01014,LYKALABS,67.6
INE933B01012,MEGASOFT,14.7
INE933J01015,ARROWTEX,45.55
INE933K01021,BAJAJCORP,505.05
INE934B01028,MERCATOR,40.95
INE934S01014,GNA,458.95
INE935A01035,GLENMARK,614.75
INE935N01012,DIXON,3835.0
INE935Q01015,FSC,689.0
INE937A01023,SPMLINFRA,137.45
INE937C01029,NILAINFRA,23.2
INE938A01021,LCCINFOTEC,0.9
INE939A01011,STAR,785.0
INE939D01015,HARITASEAT,999.7
INE940H01014,PGIL,127.7
INE942G01012,MCLEODRUSS,175.75
INE943C01027,SRIPIPES,387.0
INE943D01017,MPSLTD,593.8
INE944F01028,RADICO,381.4
INE945H01013,V2RETAIL,442.1
INE946H01037,VIPULLTD,74.5
INE947A01014,SUNFLAG,84.6
INE947I01017,LOTUSEYE,33.75
INE947J01015,DEN,113.15
INE947Q01010,LAURUSLABS,520.05
INE948A01012,TRIGYN,164.25
INE949H01023,MANINFRA,65.8
INE949L01017,AUBANK,676.0
INE949P01018,GENUSPAPER,16.0
INE950G01015,UNIPLY,461.95
INE950I01011,DBCORP,335.45
INE950M01013,MONTECARLO,607.9
INE951D01028,ATULAUTO,424.85
INE951I01027,VGUARD,235.95
INE952A01022,HINDNATGLS,162.9
INE952D01018,BILPOWER,1.85
INE952H01027,RAJTV,58.2
INE954E01012,MOHITIND,40.0
INE955D01029,GENUSPOWER,80.9
INE955I01036,SEZAL,4.4
INE956G01038,WABAG,616.0
INE959A01019,FAIRCHEM,412.65
INE962C01027,EASTSILK,5.75
INE964B01033,ALCHEM,13.35
INE964H01014,SHRIRAMEPC,29.6
INE965H01011,SITINET,23.55
INE966H01019,ZEEMEDIA,43.75
INE967C01018,KAMATHOTEL,141.7
INE968D01022,ARSHIYA,99.15
INE968G01033,PROVOGE,6.6
INE974H01013,MEGH,108.5
INE974X01010,TIINDIA,268.95
INE975G01012,IL&FSTRANS,79.4
INE976A01021,WSTCSTPAPR,288.25
INE976G01028,RBLBANK,505.3
INE978A01027,HERITGFOOD,768.0
INE978G01016,SPLIL,25.8
INE979A01017,SAREGAMA,732.0
INE979R01011,SHYAMCENT,11.8
INE980A01023,PRESSMN,68.5
INE981B01011,CMICABLES,263.0
INE982B01019,ADFFOODS,275.0
INE982F01036,HATHWAY,41.6
INE985S01024,TEAMLEASE,2320.0
INE987B01026,NATCOPHARM,956.35
INE988C01014,DHARSUGAR,26.55
INE988E01036,JMTAUTOLTD,5.3
INE988K01017,EQUITAS,151.35
INE989A01024,SANGHVIMOV,167.0
INE989C01012,DIAPOWER,19.0
INE991I01015,ASPINWALL,504.0
INE992B01026,LAKSHMIEFL,27.85
INE993A01026,MANINDS,131.95
INE998H01012,ORIENTALTL,16.45
INE998I01010,MHRIL,354.0
INE999A01015,KSBPUMPS,900.0
INE999B01013,SANGHIIND,125.0
INE999K01014,GREENPOWER,12.35
INF082J01010,QGOLDHALF,1353.9
INF082J01028,QNIFTY,1192.7
INF109K012R6,NIFTYIWIN,114.0
INF109KA1962,NIF100IWIN,122.0
INF109KB10T8,LOWVOLIWIN,84.2
INF109KB15Y7,BHARATIWIN,38.85
INF109KB1WF4,GOLDIWIN,275.85
INF109KB1WY5,NV20IWIN,51.2
INF109KB1XT3,MIDCAPIWIN,76.25
INF174K014P6,KOTAKNIFTY,111.8
INF174K01F59,KOTAKBKETF,280.81
INF174K01Z71,KOTAKNV20,52.1
INF179K01CN1,HDFCMFGETF,2780.05
INF179KB1KP3,HDFCNIFETF,1131.98
INF194KA1U07,IDFNIFTYET,112.0
INF200K01099,SETFGOLD,2757.0
INF200KA1580,SETFNIFBK,275.5
INF200KA1598,SETFNN50,311.0
INF200KA1FS1,SETFNIF50,115.0
INF204K014N5,RELCNX100,116.82
INF204KA1LD7,RELCONS,52.61
INF204KA1MS3,RELDIVOPP,30.17
INF204KB1882,RRSLGETF,16.81
INF205K01361,IVZINGOLD,2729.25
INF205K01DA9,IVZINNIFTY,1137.0
INF209K01HT2,BSLGOLDETF,2799.0
INF209K01IR4,BSLNIFTY,109.75
INF247L01023,M100,23.4
INF247L01031,N100,514.99
INF247L01536,M50,106.0
INF346A01034,SENSEXIWIN,375.08
INF373I01023,KOTAKPSUBK,379.0
INF373I01049,KOTAKGOLD,266.2
INF397L01554,IDBIGOLD,2845.0
INF457M01133,CPSEETF,31.25
INF732E01011,NIFTYBEES,1138.5
INF732E01037,LIQUIDBEES,1000.01
INF732E01045,JUNIORBEES,312.91
INF732E01078,BANKBEES,2781.5
INF732E01102,GOLDBEES,2720.0
INF732E01110,PSUBNKBEES,414.34
INF732E01128,SHARIABEES,270.0
INF732E01227,HNGSNGBEES,3325.0
INF732E01268,INFRABEES,372.21
INF754K01EK3,NIFTYEES,12350.0
INF754K01EM9,EQ30,244.9
INF760K01BR1,CRMFGETF,2765.0
INF767K01MV5,LICNETFGSC,16.87
INF767K01OS7,LICNETFN50,114.25
INF767K01PC8,LICNFNHGP,117.0
INF789F01059,GOLDSHARE,2669.0
INF789FB1X41,UTINIFTETF,1143.0
INF789FB1X58,UTISENSETF,373.9
INF789FC1N82,UTINEXT50,309.25
INF846K01347,AXISGOLD,2639.95
INF846K01ZL0,AXISNIFTY,1103.9
